dien_tich,so_phong,tuoi_nha,gia
35.5,1,18,3.0
37.6,2,7,3.87
49.4,2,20,4.25
49.0,2,16,4.6
49.9,1,12,3.99
50.4,1,19,4.24
51.1,2,17,4.6
53.1,2,2,5.08
55.9,2,5,4.96
56.5,2,17,4.88
58.9,2,10,5.46
58.9,2,8,4.85
60.7,2,14,5.16
59.6,1,4,5.14
61.3,2,25,4.56
66.5,2,14,5.32
63.6,1,0,4.98
66.5,2,12,5.22
66.6,3,19,5.13
66.3,2,15,5.27
65.8,3,13,5.62
71.9,2,16,5.64
70.5,1,0,6.12
73.5,3,12,6.31
70.9,2,10,5.72
72.1,2,23,5.35
73.6,2,15,5.58
73.6,2,4,6.3
73.2,3,22,5.93
74.2,3,7,7.17
76.7,3,25,6.68
76.0,2,9,6.87
79.6,3,22,7.17
80.4,2,20,5.84
79.3,2,18,6.5
80.7,2,16,6.69
82.5,2,0,7.28
84.4,3,5,8.11
88.0,2,22,7.6
86.1,3,19,7.33
88.1,2,12,7.3
87.8,3,20,6.68
88.1,3,17,6.8
88.1,3,20,7.34
91.3,4,13,7.83
93.6,3,2,7.63
93.7,3,10,7.78
96.2,4,5,8.59
97.4,3,22,7.98
98.9,3,23,7.68
102.8,3,5,8.52
103.1,3,22,8.04
104.2,4,8,8.97
104.2,3,5,8.3
106.6,4,7,9.4
111.7,3,14,9.67
111.2,4,6,9.74
113.2,3,6,8.78
117.5,3,18,9.19
115.9,4,10,9.01
